tact,avgWaitingTime,remaining,inMotion,(0) position,(0) number of passangers,(0) passangers,(1) position,(1) number of passangers,(1) passangers,(2) position,(2) number of passangers,(2) passangers
1440,79.51578947368421,0/100,0/100,0,0,[],0,0,[],0,0,[]
1440,208.75,99/100,99/100,14,0,[],10,1,"[45.	 home: 4,	 position: 4,	 waiting since: 1020,	 schedule: [(1019.6387240481554, 0)]]",1,5,"[58.	 home: 10,	 position: 0,	 waiting since: 458,	 schedule: [(457.44626923979405, 10), (724.4054381120887, 10), (754.4054381120887, 10), (1024.5418582807604, 0)], 13.	 home: 13,	 position: 0,	 waiting since: 463,	 schedule: [(462.17751552443315, 13), (716.6905763555752, 10), (746.6905763555752, 13), (1030.2570229691714, 0)], 41.	 home: 12,	 position: 0,	 waiting since: 464,	 schedule: [(463.4241799044217, 12), (722.4458632224045, 10), (752.4458632224045, 12), (1021.7409822336118, 0)], 4.	 home: 13,	 position: 0,	 waiting since: 466,	 schedule: [(465.3968942728802, 13), (719.8731605060832, 10), (749.8731605060832, 13), (998.8351760545235, 0)], 83.	 home: 3,	 position: 3,	 waiting since: 1042,	 schedule: [(729.850290065743, 5), (759.850290065743, 3), (1008.8949694653804, 0)]]"
